País,Descrição,Idioma
África do Sul,"The Smell of Apples, by Mark Behr",Afrikaans
África do Sul,"A Dry White Season, by André Brink",Inglês
África do Sul,"Disgrace, by J M Coetzee",Inglês
África do Sul,"Life and times of Michael K, by J M Coetzee",Inglês
África do Sul,"Burgher's Daughter, by Nadine Gordimer",Inglês
África do Sul,"July's People, by Nadine Gordimer",Inglês
África do Sul,"Cry, the Beloved Country, by Alan Paton",Inglês
Albânia,"Broken April, by Ismail Kadare",Albanês
Albânia,"The General of the Dead, by Ismail Kadare",Albanês
Alemanha,"The Grand Hotel, by Vicki Baum",Alemão
Alemanha,"Jacob the Liar, by Jurek Becker",Alemão
Alemanha,"Billiards at half past nine, by Heinrich Böll",Alemão
Alemanha,"The Lost Honour of Katharina Blum, by Heinrich Böll",Alemão
Alemanha,"Berlin Alexanderplatz, by Alfred Döblin",Alemão
Alemanha,"The Life of a Good-for-nothing, by Joseph von Eichendorff",Alemão
Alemanha,"Every Man Dies Alone, by Hans Fallada",Alemão
Alemanha,"The Oppermanns, by Lion Feuchtwanger",Alemão
Alemanha,"Effi Breast, by Theodor Fontane",Alemão
Alemanha,"On Tangled Paths, by Theodor Fontane",Alemão
Alemanha,"Elective Affinities, by Goethe",Alemão
Alemanha,"The Sorrows of Young Werther, by Goethe",Alemão
Alemanha,"William Meister's Apprentice, by Goethe",Alemão
Alemanha,"The Tin Drum, by Gunther Grass",Alemão
Alemanha,"The Adventures of Simplicius Simplicissimus, by Hans von Grimmelshausen",Alemão
Alemanha,"Blood Brothers, by Ernst Haffner",Alemão
Alemanha,"Steppenwolf, by Herman Hesse",Alemão
Alemanha,"The Glass Bead Game, by Herman Hesse",Alemão
Alemanha,"The Life and Opinions of the Tomcat Murr, by E T A Hoffmann",Alemão
Alemanha,"Essays and Letters, by Friedrich Hölderlin",Alemão
Alemanha,"Storm of Steel, by Ernst Jünger",Alemão
Alemanha,"The Artificial Silk Girl, by Irmgard Keun",Alemão
Alemanha,"The Stalin Front (Organ), by Gert Ledig",Alemão
Alemanha,"Man of Straw, by Heinrich Mann",Alemão
Alemanha,"Professor Unrat, by Heinrich Mann",Alemão
Alemanha,"Mephisto, by Klaus Mann",Alemão
Alemanha,"Buddenbrooks, by Thomas Mann",Alemão
Alemanha,"Death in Venice, by Thomas Mann",Alemão
Alemanha,"Doctor Faustus, by Thomas Mann",Alemão
Alemanha,"The Magic Mountain, by Thomas Mann",Alemão
Alemanha,"Animal Triste, by Monika Maron",Alemão
Alemanha,"The Golem, by Gustav Meyrink",Alemão
Alemanha,"Mozart's Journey to Prague, by Eduard Mörike",Alemão
Alemanha,"The Land of Green Plums, by Herta Müller",Alemão
Alemanha,"All Quiet on the Western Front, by Erich Maria Remarque",Alemão
Alemanha,"Austerlitz, by W G Sebald",Alemão
Alemanha,"The Rings of Saturn, by W G Sebald",Alemão
Alemanha,"The Seventh Cross, by Anna Seghers",Alemão
Alemanha,"Transit, by Anna Seghers",Alemão
Alemanha,"The Rider on the White Horse, by Theodor Storm",Alemão
Alemanha,"The Forty Days of Musa Dagh, by Franz Werfel",Alemão
Alemanha,"Kassandra, by Christa Wolf",Alemão
Angola,"O Vendedor de Passados , by José Eduardo Agualusa",Português
Angola,"A Geração da Utopia, by Pepetela",Português
Angola,"Mayombe, by Pepetela",Português
Angola,"Luuanda, by José Luandino Vieira",Português
Antigua,"Annie John, by Jamaica Kincaid",Inglês
Argélia,"Fantasia, an Algerian Cavalcade, by Assia Djebar",Francês
Argélia,"Nedjma, by Kateb Yacine",Francês
Argentina,"The Seven Madmen, by Roberto Arlt",Espanhol
Argentina,"Zama, by Antonio di Benedetto",Espanhol
Argentina,"The Invention of Morel, by Adolfo Bioy Casares",Espanhol
Argentina,"Rayuela, by Julio Cortázar",Espanhol
Argentina,"Don Segundo Sombra, by Ricardo Guiraldes",Espanhol
Argentina,"Martín Fierro, by José Hernández",Espanhol
Argentina,"Santa Evita, by Tomas Eloy Martinez",Espanhol
Argentina,"Respiracion Artificial, by Ricardo Piglia",Espanhol
Argentina,"The Kiss of the Spider Woman, by Manuel Puig",Espanhol
Argentina,"On Heroes and Tombs, by Ernesto Sábato",Espanhol
Argentina,"The Tunnel, by Ernesto Sábato",Espanhol
Argentina,"The Witness, by Juan José Saer",Espanhol
Argentina,"Facundo, by Domingo Sarmiento",Espanhol
Austrália,"Tirra Lirra by the River, by Jessica Anderson",Inglês
Austrália,"Oscar and Lucinda, by Peter Carey",Inglês
Austrália,"My Brilliant Career, by Miles Franklin",Inglês
Austrália,"Monkey Grip, by Hellen Garner",Inglês
Austrália,"Picnic at Hanging Rock, by Joan Lindsay",Inglês
Austrália,"Remembering Babylon, by David Malouf",Inglês
Austrália,"The Plains, by Gerald Murnane",Inglês
Austrália,"The Harp in the South, by Ruth Park",Inglês
Austrália,"The Man Who Loved Children, by Christina Stead",Inglês
Austrália,"Voss, by Patrick White",Inglês
Austrália,"Cloudstreet, by Tim Winton",Inglês
Áustria,"Malina, by Ingeborg Bachmann",Alemão
Áustria,"The Loser, by Thomas Bernhard",Alemão
Áustria,"Woodcutters, by Thomas Bernhard",Alemão
Áustria,"The Death of Virgil, by Herman Broch",Alemão
Áustria,"The Sleepwalkers, by Herman Broch",Alemão
Áustria,"Auto-da-fé, by Elias Canetti",Alemão
Áustria,"The Demons, by Heimito von Doderer",Alemão
Áustria,"The Piano Teacher, by Elfriede Jelinek",Alemão
Áustria,"Green Henry, by Gottfried Keller",Alemão
Áustria,"The Man Without Qualities, Volume 1: A Sort of Introduction and Pseudoreality Prevails, by Robert Musil",Alemão
Áustria,"The Man Without Qualities, Volume 2: Into the Millennium, from the Posthumous Papers, by Robert Musil",Alemão
Áustria,"The Young Torless, by Robert Musil",Alemão
Áustria,"The Notebooks of Malte Laurids Brigge, by Rainer Maria Rilke",Alemão
Áustria,"Job, by Joseph Roth",Alemão
Áustria,"The Radetzky March, by Joseph Roth",Alemão
Áustria,"Dream Story, by Arthur Schnitzler",Alemão
Áustria,"The Case of Sergeant Grischa, by Arnold Zweig",Alemão
Áustria,"Chess Story, by Arnold Zweig",Alemão
Azerbajão,"Ali and Nino, by Kurban Said",Alemão
Bangladesh,"Those Days, by Sunil Gangopadhyay",Bengali
Bangladesh,"Laija, by Taslima Nasrin",Bengali
Barbados,"The Arrivants: A New World Trilogy, by Edward Kamau Brathwaite",Inglês
Barbados,"In the Castle of my Skin, by George Lamming",Inglês
Bélgica,"Chapel Road, by Louis Paul Bloon",Holandês
Bélgica,"The Sorrow of Belgium, by Hugo Claus",Holandês
Bélgica,"Cheese, by Willem Elsschot",Holandês
Bélgica,"I Who Have Never Knew Men, by Jacqueline Harpman",Francês
Bélgica,"Pelleas et Melisande, by Maurice Maeterlinck",Francês
Bélgica,"The Intruder, by Maurice Maeterlinck",Francês
Bélgica,"The Life of the Bee, by Maurice Maeterlinck",Francês
Bélgica,"Fear and Trembling, by Amélie Nothomb",Francês
Bélgica,"The Snow Was Dirty, by Georges Simenon",Francês
Bolívia,"Raza de Bronce, by Alcides Arguedas",Espanhol
Bolívia,"Manchay Puytu, by Nestor Taboada Terán",Espanhol
Bósnia,"Bosnian Chronicle, by Ivo Andrić",Servo-croata
Bósnia,"The Bridge on the Drina, by Ivo Andrić",Servo-croata
Botswana,"A Question of Power, by Bessie Head",Inglês
Botswana,"Maru, by Bessie Head",Inglês
Brasil,"The Sad End of Policarpo Quaresma, by Lima Barreto",Português
Brasil,"The Obscene Madame D, by Hilda Hist",Português
Brasil,"The Hour of the Star, by Clarice Lispector",Português
Brasil,"Near to the Wild Heart, by Clarice Lispector",Português
Brasil,"The Passion According to G. H., by Clarice Lispector",Português
Brasil,"Macunaíma , by Mário de Andrade",
Brasil,"The Slum, by Aluísio Azevedo",
Brasil,"As Meninas , by Lygia Fagundes Telles ",
Brasil ,"Selected Poems, by Cecília Meirelles",
Brasil,"The Posthumous Memoirs of Bras Cubas, by Machado de Assis",Português
,"Two Brothers, by Milton Hatoum",
Brasil,"Dom Casmurro, by Machado de Assis",Português
Brasil,"Ancient Tillage, by Raduan Nassar",Português
Brasil,"Barren Lives, by Graciliano Ramos",Português
Brasil,"São Bernardo, by Graciliano Ramos",Português
Brasil,"The Devil to Pay in the Backlands, by Guimarães Rosa",Português
Bulgária,"Under the Yoke, by Ivan Vazov",Búlgaro
Camarões,"Houseboy, by Ferdinand Oyono",Francês
Canadá,"The Handmaid's Tale, by Margaret Atwood",Inglês
Canadá,"Depthford Trilogy 1: Fifth Business, by Robertson Davies",Inglês
Canadá,"Depthford Trilogy 2: The Manticore, by Robertson Davies",Inglês
Canadá,"Depthford Trilogy 3: World of Wonders, by Robertson Davies",Inglês
Canadá,"The Diviners, by Margaret Laurence",Inglês
Canadá,"The Stone Angel, by Margaret Laurence",Inglês
Canadá,"Under the Volcano, by Malcolm Lowry",Inglês
Canadá,"The English Patient, by Michael Ondaatje",Inglês
Canadá,"Barney's Version, by Mordecai Richler",Inglês
Chile,"The House of the Spirits, by Isabel Allende",Espanhol
Chile,"The Savage Detectives, by Roberto Bolaño",Espanhol
Chile,"Casa de Campo, by José Donoso",Espanhol
Chile,"The Obscene Bird of Night, by José Donoso",Espanhol
Chile,"Selected Poems, by Nicanor Parra",Espanhol
Chile,"The Old Man Who Read Love Stories, by Luis Sepulveda",Espanhol
China,"The Song of Everlasting Sorrow, by Wang Anyi",Mandarim
China,"The Sing-Song Girls of Shanghai, by Han Bangqing",Chinês Wu
China,"Half a Lifelong Romance, by Eileen Chang",Mandarim
China,"Love in a Fallen City, by Eileen Chang",Mandarim
China,"Journey to the West (Monkey), by Wu Cheng'en",Mandarim
China,"Han Feizi, by Han Fei",Mandarim
China,"Romance of the Three Kingdoms (abridged), by Luo Guanzhong",Mandarim
China,"To Live, by Yu Hua",Mandarim
China,"Family, by Ba Jin",Mandarim
China,"The Water Margin, by Shi Na'ien",Mandarim
China,"Selected Poems, by Li Qingzhao",Mandarim
China,"Rickshaw Boy, by Lao She",Mandarim
China,"The Ancient Ship, by Zhang Wei",Mandarim
China,"Golden Age, by Wang Xiaobo",Mandarim
China,"Soul Mountain, by Gao Xingian",Mandarim
China,"The Story of the Stone, by Cao Xueqin",Mandarim
China,"Red Sorghum, by Mo Yan",Mandarim
China,"The Corpse Walker, by Liao Yiwu",Mandarim
China,"Selected Poems, by Tao Yuanming",Mandarim
China,"Fortress Besieged, by Qian Zhongshu",Mandarim
Colômbia,"A Hundred Years of Solitude, by Gabriel Garcia Marquez",Espanhol
Colômbia,"Love in the Time of Cholera, by Gabriel Garcia Marquez",Espanhol
Colômbia,"Vortex, by José Eustasio Rivera",Espanhol
Colômbia,"La Virgen de Los Sicários, by Fernando Vallejo",Espanhol
Congo,"Johnny the Mad Dog, by Emmanuel Dongala",Francês
Coréia,"The Story of Hong Gildong, by Anonymous",Coreano
Coréia,"The Guest, by Hwang Sok-Yong",Coreano
Coréia,"The Vegetarian, by Han Kang",Coreano
Coréia,"The Nine Cloud Dream, by Kim Man-Jung",Coreano
Coréia,"Our Twisted Hero, by Yi Mun-yol",Coreano
Coréia,"Three Generations, by Yom Sang-Seop",Coreano
Costa do Marfim,"Allah is Not Obliged, by Ahmadou Kourouma",Francês
Croácia,"On the Edge of Reason, by Miroslav Krleža",Servo-croata
Croácia,"The Ministry of Pain, by Dubravka Ugresic",Servo-croata
Croácia,"The Museum of Unconditional Surrender, by Dubravka Ugresic",Servo-croata
Cuba,"Hallucinations, by Reinaldo Arenas",Espanhol
Cuba,"Los Pasos Perdidos, by Alejo Carpentier",Espanhol
Cuba,"The Kingdom of this World, by Alejo Carpentier",Espanhol
Cuba,"Three Trapped Tigers, by Guillermo Cabrera Infante",Espanhol
Cuba,"Paradiso, by José Lezama Lima",Espanhol
Cuba,"La Edad de Oro, by José Marti",Espanhol
Cuba,"Cecilia Valdez, by Cirilo Villaverde",Espanhol
Dinamarca,"Out of Africa, by Karen Blixen",Inglês
Dinamarca,"Copenhagen Trilogy, by Tove Ditlevsen",Dinamarquês
Dinamarca,"The Lost Musicians, by William Heinesen",Dinamarquês
Dinamarca,"Niels Lyhne, by Jens Peter Jacobsen",Dinamarquês
Dinamarca,"We, the Drowned, by Carsten Jensen",Dinamarquês
Dinamarca,"The Fall of the King, by Johannes V. Jensen",Dinamarquês
Dinamarca,"Havoc, by Tom Kristensen",Dinamarquês
Dinamarca,"The Endless Summer, by Madame Nielsen",Dinamarquês
Dinamarca,"Novel 11, Book 18, by Dag Solstat",Dinamarquês
Dinamarca,"Shyness and Dignity, by Dag Solstat",Dinamarquês
Dominica,"Wide Sargasso Sea, by Jean Rhys",Inglês
Egito,"The Yacoubian Building, by Alaa al-Aswany",Árabe
Egito,"Return of the Spirit, by Tawfiq al-Hakim",Árabe
Egito,"The Open Door, by Latifa al-Zayyat",Árabe
Egito,"Children of Gebelawi, by Naguib Mahfouz",Árabe
Egito,"Palace Walk, by Naguib Mahfouz",Árabe
Egito,"Woman at Point Zero, by Nawal El Saadawi",Árabe
Equador,"Huasipungo, by Jorge Icaza",Espanhol
Escócia,"The Life of Samuel Johnson, by James Boswell",Inglês
Escócia,"The Prime of Miss Jean Brodie, by Muriel Spark",Inglês
Escócia,"Dr. Jekyll and Mr. Hyde and other Stories, by Robert Louis Stevenson",Inglês
Eslovênia,"Alamut, by Vladimir Bartol",Esloveno
Eslovênia,"Necropólis, by Boris Pahor",Esloveno
Espanha,"La Regenta, by Leopoldo Alas",Espanhol
Espanha,"Selected Poems, by Vicente Aleixandre",Espanhol
Espanha,"The Life of Lazarillo de Tormes, by Anonymous",Espanhol
Espanha,"Obabakoak, by Bernardo Atxaga",Basco
Espanha,"El Árbol de la Ciencia, by Pío Baroja",Espanhol
Espanha,"The House of Ulloa, by Emilia Pardo Bazán",Espanhol
Espanha,"Cartas Marruecas, by José de Cadalso",Espanhol
Espanha,"Soledad, by Víctor Català",Catalão
Espanha,"A Família de Pascual Duarte, by Camilo José Cela",Espanhol
Espanha,"The Beehive, by Camilo José Cela",Espanhol
Espanha,"The Soldiers of Salamis, by Javier Cercas",Espanhol
Espanha,"Don Quixote, by Cervantes",Espanhol
Espanha,"Exemplary Stories, by Cervantes",Espanhol
Espanha,"El Camino, by Miguel Delibes",Espanhol
Espanha,"The Heretic, by Miguel Delibes",Espanhol
Espanha,"Fortunata and Jacinta, by Benito Pérez Galdós",Espanhol
Espanha,"Count Julian, by Juan Goytisolo",Espanhol
Espanha,"Marks of Identity, by Juan Goytisolo",Espanhol
Espanha,"Book of Life, by Santa Teresa de Jesús",Espanhol
Espanha,"Platero and I, by Juan Ramón Jiménez",Espanhol
Espanha,"Nada, by Carmen Laforet",Espanhol
Espanha,"Corazón tan blanco, by Javier Marias",Espanhol
Espanha,"Your Face Tomorrow: Volume 1, by Javier Marias",Espanhol
Espanha,"Your Face Tomorrow: Volume 2, by Javier Marias",Espanhol
Espanha,"Your Face Tomorrow: Volume 3, by Javier Marias",Espanhol
Espanha,"Ultimas Tardes con Teresa, by Juan Marsé",Espanhol
Espanha,"El Jinete Polaco, by Antonio Muñoz Molina",Espanhol
Espanha,"The Gray Notebook, by Josep Pla",Catalāo
Espanha,"La Plaza del Diamante, by Mercè Rodoreda",Catalāo
Espanha,"Mist, by Miguel de Unamuno",Espanhol
Espanha,"Pepita Jiménez, by Juan Valero",Espanhol
Espanha,"Bartleby and Company, by Enrique Vila-Matas",Espanhol
Estônia,"The Czar's Madman, by Jaan Kross",Estônio
EUA,"A Death in the Family, by James Agee",Inglês
EUA,"The New York Trilogy, by Paul Auster",Inglês
EUA,"Go Tell it on the Mountain, by James Baldwin",Inglês
EUA,"Herzog, by Saul Bellow",Inglês
EUA,"The Adventures of Augie March, by Saul Bellow",Inglês
EUA,"The Sheltering Sky, by Paul Bowles",Inglês
EUA,"Parable of the Sower, by Octavia E Butler",Inglês
EUA,"In Cold Blood, by Truman Capote",Inglês
EUA,"The Big Sleep, by Raymond Chandler",Inglês
EUA,"The Awakening, by Kate Chopin",Inglês
EUA,"White Noise, by Don DeLillo",Inglês
EUA,"Invisible Man, by Ralph Ellison",Inglês
EUA,"Absalom, Absalom, by William Faulkner",Inglês
EUA,"Light in August, by William Faulkner",Inglês
EUA,"The Sound and the Fury, by William Faulkner",Inglês
EUA,"Tender is the Night, by F Scott Fitzgerald",Inglês
EUA,"The Great Gatsby, by F Scott Fitzgerald",Inglês
EUA,"The Recognitions, by William Gaddis",Inglês
EUA,"The Scarlet Letter, by Nathanael Hawthorne",Inglês
EUA,"For Whom the Bell Tolls, by Ernest Hemingway",Inglês
EUA,"The Sun Also Rises, by Ernest Hemingway",Inglês
EUA,"The Old Man and the Sea, by Ernest Hemingway",Inglês
EUA,"Brave New World, by Aldous Huxley",Inglês
EUA,"We Have Always Lived in the Castle, by Shirley Jackson",Inglês
EUA,"The Ambassadors, by Henry James",Inglês
EUA,"The Portrait of a Lady, by Henry James",Inglês
EUA,"On the Road, by Jack Kerouac",Inglês
EUA,"Interpreter of Maladies, by Jhumpa Lahiri",Inglês
EUA,"Passing, by Nella Larsen",Inglês
EUA,"To Kill a Mockingbird, by Harper Lee",Inglês
EUA,"Babbitt, by Sinclair Lewis",Inglês
EUA,"The Call of the Wild / White Fang, by Jack London",Inglês
EUA,"Blood Meridian, by Cormac McCarthy",Inglês
EUA,"The Heart Is A Lonely Hunter, by Carson McCullers",Inglês
EUA,"Moby Dick, by Herman Melville",Inglês
EUA,"Beloved, by Toni Morrison",Inglês
EUA,"Song of Solomon, by Toni Morrison",Inglês
EUA,"Ada or Ardor, by Vladimir Nabokov",Inglês
EUA,"Lolita, by Vladimir Nabokov",Inglês
EUA,"Pale Fire, by Vladimir Nabokov",Inglês
EUA,"The Things They Carried, by Tim O'Brien",Inglês
EUA,"Appointment in Samarra, by John O'Hara",Inglês
EUA,"USA Trilogy, by John dos Passos",Inglês
EUA,"Selected Poems, by Sylvia Plath",Inglês
EUA,"The Bell Jar, by Sylvia Plath",Inglês
EUA,"Gravity's Rainbow, by Thomas Pynchon",Inglês
EUA,"American Pastoral, by Philip Roth",Inglês
EUA,"The Catcher in the Rye, by J D Salinger",Inglês
EUA,"Ceremony, by Leslie Martin Silko",Inglês
EUA,"Angle of Repose, by Wallace Stegner",Inglês
EUA,"The Autobiography of Alice B. Toklas, by Gertrude Stein",Inglês
EUA,"The Grapes of Wrath, by John Steinbeck",Inglês
EUA,"The Aventures of Huckleberry Finn, by Mark Twain",Inglês
EUA,"Rabbit, Run, by John Updike",Inglês
EUA,"Slaughterhouse V, by Kurt Vonnegut",Inglês
EUA,"The Color Purple, by Alice Walker",Inglês
EUA,"The Age of Innocence, by Edith Wharton",Inglês
EUA,"Native Son, by Richard Wright",Inglês
Filipinas,"Po-On, by F Sidónio José",Inglês
Filipinas,"Noli me Tangere, by José Rizal",Espanhol
Finlândia,"Alone, by Juhani Aho",Finlandês
Finlândia,"The Summer Book, by Tove Jansson",Sueco
Finlândia,"Seven Brothers, by Aleksis Kivi",Finlandês
Finlândia,"Unknown Soldier, by Väinö Linna",Finlandês
Finlândia,"Purge, by Sofi Oksanen",Finlandês
Finlândia,"Not Before Sundown (Troll: A Love Sorry), by Johanna Sinisalo",Finlandês
França,"Aurélien, by Louis Aragon",Francês
França,"Eugéne Grandet, by Honoré de Balzac",Francês
França,"Lost Illusions, by Honoré de Balzac",Francês
França,"Old Goriot, by Honoré de Balzac",Francês
França,"Under Fire, by Henri Barbusse",Francês
França,"The Mandarins, by Simone de Beauvoir",Francês
França,"The Diary of a Country Priest, by Georges Bernanos",Francês
França,"Nadja, by André Breton",Francês
França,"The Stranger, by Albert Camus",Francês
França,"Death on Credit, by Louis-Ferdinand Céline",Francês
França,"Journey to the end of the Night, by Louis-Ferdinand Céline",Francês
França,"Moravagine, by Blaise Cendrars",Francês
França,"Adolphe, by Benjamin Constant",Francês
França,"Jacques the Fatalist, by Denis Diderot",Francês
França,"The Lover, by Marguerite Duras",Francês
França,"The Ravishing of Lol V. Stein, by Marguerite Duras",Francês
França,"A Sentimental Education, by Gustave Flaubert",Francês
França,"Madame Bovary, by Gustave Flaubert",Francês
França,"Salammbô, by Gustave Flaubert",Francês
França,"Le Grand Meaulnes, by Alain Fournier",Francês
França,"The Gods Will Have Blood, by Anatole France",Francês
França,"Promise at Dawn, by Romain Gary",Francês
França,"Mademoiselle de Maupin, by Theophile Gautier",Francês
França,"Our Lady of the Flowers, by Jean Genet",Francês
França,"The Balcony, by Jean Genet",Francês
França,"The Maids, by Jean Genet",Francês
França,"The Screens, by Jean Genet",Francês
França,"The Counterfeiters, by André Gide",Francês
França,"The Immoralist, by André Gide",Francês
França,"The Opposing Shore, by Julien Gracq",Francês
França,"Les Miserables, by Victor Hugo",Francês
França,"Notre Dame de Paris, by Victor Hugo",Francês
França,"Against Nature, by J K Huysmans",Francês
França,"Les Liaisons Dangereuses, by Pierre Choderlos de Laclos",Francês
França,"The Princess of Cleves, by Madame de Lafayette",Francês
França,"Le Morte D'Arthur, by Thomas Malory",Francês
França,"Man's Fate, by André Malraux",Francês
França,"Thérèse Desqueyroux, by François Mauriac",Francês
França,"Persian Letters, by Montesquieu",Francês
França,"Life, a User's Manual, by Georges Perec",Francês
França,"The Book of the City of Ladies, by Christine de Pizan",Francês
França,"The Treasure of the City of Ladies, by Christine de Pizan",Francês
França,"Manon Lescaut, by Antoine François Prévost",Francês
França,"In Search of Lost Time 1: Swann's Way, by Marcel Proust",Francês
França,"In Search of Lost Time 2: In the Shadow of Young Girls in Flower, by Marcel Proust",Francês
França,"In Search of Lost Time 3: The Guermantes Way, by Marcel Proust",Francês
França,"In Search of Lost Time 4: Sodom and Gomorrah, by Marcel Proust",Francês
França,"In Search of Lost Time 5: The Prisoner/ The Captive, by Marcel Proust",Francês
França,"In Search of Lost Time 6: The Fugitive, by Marcel Proust",Francês
França,"In Search of Lost Time 7: Time Regained, by Marcel Proust",Francês
França,"Zazie in the Metro, by Raymond Queneau",Francês
França,"Gargantua and Pantagruel, by François Rabelais",Francês
França,"Jealousy, by Alain Robbe-Grillet",Francês
França,"Bonjour Tristesse, by Françoise Sagan",Francês
França,"Nausea, by Jean-Paul Sartre",Francês
França,"The Age of Reason, by Jean-Paul Sartre",Francês
França,"The Last of the Just, by André Schwarz-Bart",Francês
França,"The Charterhouse of Parma, by Stendhal",Francês
França,"The Red and the Black, by Stendhal",Francês
França,"Le Roi des Aulnes, by Michel Tournier",Francês
França,"Froth on the Daydream, by Boris Vian",Francês
França,"Candide, Zadig & Other Stories, by Voltaire",Francês
França,"Memoirs of Hadrian, by Marguerite Yourcenar",Francês
França,"The Abyss, by Marguerite Yourcenar",Francês
França,"Therese Raquin, by Émile Zola",Francês
França,"The Drinking Den, by Émile Zola",Francês
França,"Germinal, by Émile Zola",Francês
Gana,"The Beautyful Ones Are Not Yet Born, by Ayi Kwei Armah",Inglês
Gana,"The Earth My Brother, by Kofi Awoonor",Inglês
Gana,"Search Sweet Country, by Kojo Laing",Inglês
Grécia,"Kassandra and the Wolf, by Margarita Karapanou",Grego
Grécia,"The Shift, by Nikos Kavvadias",Grego
Grécia,"The Last Temptation of Christ, by Nikolas Kazantzakis",Grego
Grécia,"Zorba the Greek, by Nikolas Kazantzakis",Grego
Grécia,"The Murderess, by Alexandros Papadiamantis",Grego
Grécia,"Z, by Vassilis Vassilikos",Grego
Grécia Antiga,"The Golden Ass, by Apuleius",Grego
Grécia Antiga,"Histories, by Herodotus",Grego
Grécia Antiga,"Daphnis and Chloe, by Longus",Grego
Grécia Antiga,"Argonautica, by Apollonius of Rhodes",Grego
Grécia Antiga,"Poems, by Sappho",Grego
Guadalupe,"Crossing the Mangrove, by Maryse Condé",Francês
Guadalupe,"Segu, by Maryse Condé",Francês
Guatemala,"El Señor Presidente, by Miguel Ángel Asturias",Espanhol
Guatemala,"Hombres de Maíz, by Miguel Ángel Asturias",Espanhol
Guiana,"The Guyana Quartet, by Wilson Harris",Inglês
Guiana,"The Murderer, by Roy Heath",Inglês
Guiné,"The African Child, by Camara Laye",Francês
Haiti,"Breath, Eyes, Memory, by Edwidge Danticat",Inglês
Holanda,"The House of the Mosque, by Kader Abdolah",Holandês
Holanda,"Eline Vere, by Louis Couperus",Holandês
Holanda,"The Ten Thousand Things, by Maria Dermout",Holandês
Holanda,"A Posthumous Confession, by Marcellus Emants",Holandês
Holanda,"The Black Lake, by Hella Haasse",Holandês
Holanda,"The Tea Lords, by Hella Haasse",Holandês
Holanda,"Beyond Sleep, by Willem Frederik Hermans",Holandês
Holanda,"The Darkroom of Damocles, by Willem Frederik Hermans",Holandês
Holanda,"The Assault, by Harry Mulisch",Holandês
Holanda,"The Discovery of Heaven, by Harry Mulisch",Holandês
Holanda,"Max Havelaar, by Multatuli",Holandês
Holanda,"The Following Story, by Cees Nooteboom",Holandês
Holanda,"Childhood, by Jona Oberski",Holandês
Holanda,"The Evenings, by Gerard Reve",Holandês
Holanda,"The Forbidden Kingdom, by J Slauerhoff",Holandês
Holanda,"Turkish Delight, by Jan Wolkers",Holandês
Hungria,"Transilvannian Trilogy, by Miklos Banffy",Húngaro
Hungria,"Eclipse of the Crescent Moon, by Géza Gárdonyi",Húngaro
Hungria,"Metropole, by Ferenc Karinthy",Húngaro
Hungria,"Fatelessness, by Imre Kertész",Húngaro
Hungria,"Kaddish for an Unborn Child, by Imre Kertész",Húngaro
Hungria,"Skylark, by Dezso Kosztolanyi",Húngaro
Hungria,"The Melancholy of Resistance, by László Krasznahorkai",Húngaro
Hungria,"The Notebook, by Agota Kristof",Francês
Hungria,"Embers, by Sandor Marai",Húngaro
Hungria,"Portraits of a Marriage, by Sandor Marai",Húngaro
Hungria,"The Paul Street Boys, by Ferenc Molnár",Húngaro
Hungria,"The Peasants, by Wladislaw Reymont",Húngaro
Hungria,"The Door, by Magda Szabó",Húngaro
Hungria,"Journey by Moonlight, by Antal Szerb",Húngaro
Império Azteca,"Broken Spears, by Miguel Leon-Portilla",Espanhol
Índia,"A Tale of Four Dervishes, by Mir Amman",Urdu
Índia,"Untouchable, by Mulk Raj Anand",Inglês
Índia,"Aranyak (Of the Forest), by Bibhutibhushan Bandyopadhyay",Bengali
Índia,"Pather Panchali, by Bibhutibhushan Bandyopadhyay",Bengali
Índia,"Srikanta, by Sarat Chandra Chattopadhyay",Bengali
Índia,"Clear Light of Day, by Anita Desai",Inglês
Índia,"The Inheritance of Loss, by Kiran Desai",Inglês
Índia,"The Glass Palace, by Amitav Ghosh",Inglês
Índia,"River of Fire, by Qurratulain Hyder",Urdu
Índia,"The Resignation, by Jainendra Kumar",Hindi
Índia,"The Adventures of Amir Hamza, by Ghalib Lakhnavi",Urdu
Índia,"A Fine Balance, by Rohinton Mistry",Inglês
Índia,"A Hundred Measures of Time, by Nammalwar",Sânscrito
Índia,"Malgudi Days, by R K Narayan",Hindi
Índia,"The Hitopadesa, by Narayana",Sânscrito
Índia,"The Serpent and the Rope, by Raja Rao",Inglês
Índia,"The God of Small Things, by Arundhati Roy",Inglês
Índia,"Midnight's Children, by Salman Rushdie",Inglês
Índia,"The Satanic Verses, by Salman Rushdie",Inglês
Índia,"Tamas, by Bhisham Sahni",Sânscrito
Índia,"A Suitable Boy, by Vikram Seth",Inglês
Índia,"Train to Pakistan, by Khushwant Singh",Inglês
Índia,"The Home and the World, by Rabindranath Tagore",Bengali
Indonésia,"The Weaverbirds, by YB Mangunwijaya",Indonésio
Indonésia,"Child of All Nations, by Pramoedya Ananta Toer",Indonésio
Indonésia,"Footsteps, by Pramoedya Ananta Toer",Indonésio
Indonésia,"House of Glass, by Pramoedya Ananta Toer",Indonésio
Indonésia,"This Earth of Mankind, by Pramoedya Ananta Toer",Indonésio
Inglaterra,"Emma, by Jane Austen",Inglês
Inglaterra,"Pride and Prejudice, by Jane Austen",Inglês
Inglaterra,"Sense and Sensibility, by Jane Austen",Inglês
Inglaterra,"Jane Eyre, by Charlotte Bronte",Inglês
Inglaterra,"Villette, by Charlotte Bronte",Inglês
Inglaterra,"Wuthering Heights, by Emily Bronte",Inglês
Inglaterra,"The Pilgrim's Progress, by John Bunyan",Inglês
Inglaterra,"Possession, by A.S. Byatt",Inglês
Inglaterra,"Alice, by Lewis Carroll",Inglês
Inglaterra,"Nights at the Circus, by Angela Carter",Inglês
Inglaterra,"Nostromo, by Joseph Conrad",Inglês
Inglaterra,"Heart of Darkness, by Joseph Conrad",Inglês
Inglaterra,"Moll Flanders, by Daniel Defoe",Inglês
Inglaterra,"Robinson Crusoe, by Daniel Defoe",Inglês
Inglaterra,"Bleak House, by Charles Dickens",Inglês
Inglaterra,"David Copperfield, by Charles Dickens",Inglês
Inglaterra,"Great Expectations, by Charles Dickens",Inglês
Inglaterra,"The Alexandria Quartet, by Lawrence Durrell",Inglês
Inglaterra,"Daniel Deronda, by George Eliot",Inglês
Inglaterra,"Middlemarch, by George Eliot",Inglês
Inglaterra,"Silas Marner, by George Eliot",Inglês
Inglaterra,"Tom Jones, by Henry Fielding",Inglês
Inglaterra,"The Good Soldier, by Ford Madox Ford",Inglês
Inglaterra,"A Passage to India, by E M Forster",Inglês
Inglaterra,"Forsyte Saga, by John Galsworthy",Inglês
Inglaterra,"Wives and Daughters, by Elizabeth Gaskell",Inglês
Inglaterra,"Lord of the Flies, by William Golding",Inglês
Inglaterra,"I, Claudius, by Robert Graves",Inglês
Inglaterra,"The Heart of the Matter, by Graham Greene",Inglês
Inglaterra,"The Power and the Glory, by Graham Greene",Inglês
Inglaterra,"Jude the Obscure, by Thomas Hardy",Inglês
Inglaterra,"Tess of the Daubervilles, by Thomas Hardy",Inglês
Inglaterra,"Kim, by Rudyard Kipling",Inglês
Inglaterra,"Darkness at Noon, by Arthur Koestler",Inglês
Inglaterra,"Sons and Lovers, by D H Lawrence",Inglês
Inglaterra,"The Golden Notebook, by Doris Lessing",Inglês
Inglaterra,"The Grass is Singing, by Doris Lessing",Inglês
Inglaterra,"Of Human Bondage, by W Somerset Maugham",Inglês
Inglaterra,"Unfortunate traveller, by Thomas Nashe",Inglês
Inglaterra,"Animal Farm, by George Orwell",Inglês
Inglaterra,"1984, by George Orwell",Inglês
Inglaterra,"Frankenstein, by Mary Shelley",Inglês
Inglaterra,"Vanity Fair, by William Makepeace Thackeray",Inglês
Inglaterra,"The Way We Live Now, by Anthony Trollope",Inglês
Inglaterra,"Brideshead Revisited, by Evelyn Waugh",Inglês
Inglaterra,"The Return of the Soldier, by Rebecca West",Inglês
Inglaterra,"The Portrait of Dorian Gray, by Oscar Wilde",Inglês
Inglaterra,"Mrs Dalloway, by Virginia Woolf",Inglês 
Inglaterra,"Orlando, by Virginia Woolf",Inglês
Inglaterra,"To the Lighthouse, by Virginia Woolf",Inglês
Irlanda,"Trilogy: Molloy, Malone Dies, Unnamable, by Samuel Beckett",Inglês
Irlanda,"The Death of the Heart, by Elizabeth Bowen",Inglês
Irlanda,"Portrait of the Artist as Young Man, by James Joyce",Inglês
Irlanda,"Ulysses, by James Joyce",Inglês
Irlanda,"Tarry Flynn, by Patrick Kavanagh",Inglês
Irlanda,"Amongst Women, by John McGahern",Inglês
Irlanda,"The Sea, the Sea, by Iris Murdoch",Inglês
Irlanda,"At Swim Two Birds, by Flann O'Brian",Inglês
Irlanda,"The Country Girls, by Edna O'Brien",Inglês
Irlanda,"The Life and Opinions of Tristram Shandy, by Laurence Sterne",Inglês
Irlanda,"A Sentimental Journey, by Laurence Sterne",Inglês
Irlanda,"Gulliver's Travels, by Jonathan Swift",Inglês
Islândia,"Njal's Saga, by Anonymous",Islandês
Islândia,"Saga of the Volsungs, by Anonymous",Islandês
Islândia,"Tómas Jónsson, Bestseller, by Guðbergur Bergsson",Islandês
Islândia,"Independent People, by Haldor Laxness",Islandês
Israel,"A Guest for the Night, by S Y Agnon",Hebráico
Israel,"In the heart of the seas, by S Y Agnon",Hebráico
Israel,"Tevye the Dairyman and Motl the Cantor's Son, by Sholem Aleichem",Ídiche
Israel,"Love Life, by Zeruya Shalev",Hebráico
Israel,"The Brothers Ashkenazi, by Israel Joshua Singer",Ídiche
Israel,"The Karnowski Family, by Israel Joshua Singer",Ídiche
Israel,"A Late Divorce, by A B Yehoshua",Hebráico
Itália,"A Woman, by Sibilla Aleramo",Francês
Itália,"Orlando Furioso, by Ludovico Ariosto",Italiano
Itália,"The Garden of the Finzi-Continis, by Giorgio Bassani",Italiano
Itália,"The Tartar Steppe, by Dino Buzzati",Italiano
Itália,"Ka, by Roberto Calasso",Italiano
Itália,"If on a Winter's Night a Traveller, by Italo Calvino",Italiano
Itália,"Pleasure (Il Piacere), by Gabrielle D'Annunzio",Italiano
Itália,"That Awful Mess on Via Merulana, by Carlo Emilio Gadda",Italiano
Itália,"The Experience of Pain, by Carlo Emilio Gadda",Italiano
Itália,"Family Lexicon, by Natalia Ginzburg",Italiano
Itália,"The Leopard (Il Gattopardo), by Tomaso di Lampedusa",Italiano
Itália,"Christ Stopped at Eboli, by Carlo Levi",Italiano
Itália,"If this is a Man, by Primo Levi",Italiano
Itália,"The Periodic Table, by Primo Levi",Italiano
Itália,"The Betrothed, by Alessandro Manzoni",Italiano
Itália,"Selected Poems, by Eugenio Montale",Italiano
Itália,"Arturo's Island, by Elsa Morante",Italiano
Itália,"History, by Elsa Morante",Italiano
Itália,"Contempt, by Alberto Moravia",Italiano
Itália,"The Time of Indifference, by Alberto Moravia",Italiano
Itália,"Confessions of an Italian, by Ippolito Nievo",Italiano
Itália,"Neapolitan Chronicles, by Anna Maria Ortese",Italiano
Itália,"The House on the Hill, by Cesare Pavese",Italiano
Itália,"The Moon and the Bonfire, by Cesare Pavese",Italiano
Itália,"The Late Mathias Pascal, by Luigi Pirandello",Italiano
Itália,"The Viceroys, by Federico de Roberto",Italiano
Itália,"The Day of the Owl, by Leonardo Sciascia",Italiano
Itália,"Bread and Wine, by Ignazio Silone",Italiano
Itália,"Fontamara, by Ignazio Silone",Italiano
Itália,"As a Man Grows Older, by Italo Svevo",Italiano
Itália,"Zeno's Conscience, by Italo Svevo",Italiano
Itália,"The House by the Medlar Tree, by Giovanni Verga",Italiano
Japão,"The Face of Another, by Kobo Abe",Japonês
Japão,"The Women in the Dunes, by Kobo Abe",Japonês
Japão,"The Tale of the Bamboo Cutter, by Anonymous",Japonês
Japão,"The Tale of the Heike, by Anonymous",Japonês
Japão,"No Longer Human, by Osamu Dazai",Japonês
Japão,"The Setting Sun, by Osamu Dazai",Japonês
Japão,"The Waiting Years, by Fumiko Enchi",Japonês
Japão,"Silence, by Shusaku Endo",Japonês
Japão,"Beauty and Sadness, by Yasunari Kawabata",Japonês
Japão,"The Sound of the Mountain, by Yasunari Kawabata",Japonês
Japão,"Essays in Idleness, by Yoshida Kenko",Japonês
Japão,"Confessions of a Mask, by Yukio Mishima",Japonês
Japão,"Temple of the Golden Pavillion, by Yukio Mishima",Japonês
Japão,"The Wild Geese, by Ogai Mori",Japonês
Japão,"Norwegian Wood, by Haruki Murakami",Japonês
Japão,"Almost Transparent Blue, by Ryu Murakami",Japonês
Japão,"The Tale of Genji, by Dama Murasaki",Japonês
Japão,"The Silent Cry, by Kenzaburo Oe",Japonês
Japão,"Fires on the Plain, by Shohei Ooka",Japonês
Japão,"Kokoro, by Natsume Soseki",Japonês
Japão,"Botchan, by Natsume Soseki",Japonês
Japão,"Some Prefer Nettles, by Junichiro Tanizaki",Japonês
Japão,"The Makioka Sisters, by Junichiro Tanizaki",Japonês
Jordânia,"Cities of Salt, by Abdelrahman Munif",Árabe
Lesoto,"Chaka, by Thomas Mofolo",Inglês
Letônia,"Insomnia, by Alberts Bels",Letão
Letônia,"Soviet Milk, by Nora Iksena",Letão
Líbano,"Gate of the Sun, by Elias Khoury",Árabe
Líbano,"Leg over Leg, by Ahmad Faris Shidyaq",Árabe
Lituania,"Forest of the Gods, by Balys Sruoga",Lituano
Mali,"Bound to Violence, by Yambo Ouologuem",Francês
Marrocos,"A Life Full of Holes, by Driss Ben Hamed Charhadi",Árabe
Marrocos,"For Bread Alone, by Mohamed Choukri",Árabe
Marrocos,"The Simple Past, by Driss Chraïbi",Francês
Marrocos,"The Sand Child, by Tahar Ben Jelloun",Árabe
Martinique,"Black Shack Alley, by Joseph Zobel",Francês
México,"The Underdogs, by Mariano Azuela",Espanhol
México,"The Book of Lamentations, by Rosario Castellanos",Espanhol
México,"The Death of Artemio Cruz, by Carlos Fuentes",Espanhol
México,"Memories of the Future, by Elena Garro",Espanhol
México,"Battles in the Desert, by José Emilio Pacheco",Espanhol
México,"José Trigo, by Fernando del Paso",Espanhol
México,"Pedro Páramo, by Juan Rulfo",Espanhol
México,"The Empty Book, by Josefina Vicens",Espanhol
Moçambique,"Sleepwalking Land, by Mia Couto",Português
Nicarágua,"The inhabited woman, by Gioconda Belli",Espanhol
Nigéria,"Arrow of God, by Chinua Achebe",Inglês
Nigéria,"Things Fall Apart, by Chinua Achebe",Inglês
Nigéria,"Half of a Yellow Sun, by Chimamanda Ngozi Adichie",Inglês
Nigéria,"Second-class Citizen, by Buchi Emecheta",Inglês
Nigéria,"The Joys of Motherhood, by Buchi Emecheta",Inglês
Nigéria,"Forest of a Thousand Daemons, by D O Fagunwa",Yoruba
Nigéria,"Efuru, by Flora Nwapa",Inglês
Nigéria,"The Famished Road, by Ben Okri",Inglês
Nigéria,"The Palm-Wine Drinkard, by Amos Tutuola",Inglês
Noruega,"Growth of the Soil, by Knut Hamsun",Norueguês
Noruega,"Hunger, by Knut Hamsun",Norueguês
Noruega,"Naive Supper, by Erlend Loe",Norueguês
Noruega,"Kristin Lavransdatter 1: The Wreath, by Sigrid Undset",Norueguês
Noruega,"Kristin Lavransdatter 2: The Wife, by Sigrid Undset",Norueguês
Noruega,"Kristin Lavransdatter 3: The Cross, by Sigrid Undset",Norueguês
Noruega,"The Ice Palace, by Tarjei Vesaas",Norueguês
Nova Zelândia,"Faces in the Water, by Janet Frame",Inglês
Nova Zelândia,"Owls Do Cry, by Janet Frame",Inglês
Nova Zelândia,"Potiki, by Patricia Grace",Inglês
Nova Zelândia,"The Bone People, by Keri Hulme",Inglês
País de Gales ,"Selected Poems, by Dylan Thomas",Inglês
Palestina,"Book of Genesis, by Anonymous",Hebráico
Palestina,"I Saw Ramallah, by Mourid Barghouti",Árabe
Palestina,"The Secret Life of Saeed the Pessoptimist, by Emile Habibi",Árabe
Palestina,"In Search of Walid Masood, by Jabra Ibrahim Jabra",Árabe
Palestina,"Men in the Sun and other Stories, by Ghassan Kanafani",Árabe
Paquistão,"Basti, by Intizar Husain",Urdu
Paquistão,"The Weary Generations, by Abdullah Hussain",Urdu
Paquistão,"Aangan, by Khadija Mastoor",Urdu
Paraguai,"Hijo de Hombre, by Augusto Roa Bastos",Espanhol
Paraguai,"I, the Supreme, by Augusto Roa Bastos",Espanhol
Pérsia/Irã,"A Persian Requiem, by Simin Daneshvar",Persa
Pérsia/Irã,"The Blind Owl, by Sadegh Hedayat",Persa
Pérsia/Irã,"My Uncle Napoleon, by Iraj Pezeshkzad",Persa
Peru,"The Hungry Dogs, by Ciro Alegria",Espanhol
Peru,"Deep Rivers, by José María Arguedas",Espanhol
Peru,"The Feast of the Goat, by Mario Vargas Llosa",Espanhol
Peru,"The Time of the Hero, by Mario Vargas Llosa",Espanhol
Peru,"The War of the End of the World, by Mario Vargas Llosa",Espanhol
Peru,"Selected Poems, by Blanca Varela",Espanhol
Polônia,"The Nazarene, by Sholem Asch",Ídiche
Polônia,"The Memoir of An Antihero, by Kornel Filipowicz",Polonês
Polônia,"Ferdydurke, by Witold Gombrowicz",Polonês
Polônia,"The Emperor, by Ryszard Kapuscinski",Polonês
Polônia,"Solaris, by Stanislaw Lem",Polonês
Polônia,"The Manuscript Found in Saragossa, by Jan Potocki",Francês
Polônia,"The Doll, by Boleslaw Prus",Polonês
Polônia,"The Street of Crocodiles, by Bruno Schulz",Polonês
Polônia,"Satan in Goray, by Isaac Bashevis Singer",Polonês
Polônia,"The Beautiful Mrs. Seidenman, by Andrzej Szczypiorski",Polonês
Polônia,"The Use of Man, by Aleksandar Tišma",Polonês
Portugal,"Os Cus de Judas, by Antonio Lobo Antunes",Português
Portugal,"Amor de Perdição, by Camilo Castelo Branco",Português
Portugal,"As Pupilas do Sr Reitor, by Julio Dinis",Português
Portugal,"The Crime of Father Amaro, by Eça de Queiroz",Português
Portugal,"The Gospel According to Jesus Christ, by José Saramago",Português
Portugal,"Stone Raft, by José Saramago",Português
Portugal,"Blindness, by José Saramago",Português
Portugal,"The Creation of the World, by Miguel Torga",Português
Quênia,"A Grain of Wheat, by Ngugi wa Thiongo",Inglês
Quênia,"The River Between, by Ngugi wa Thiongo",Inglês
Roma Antiga,"Satyricon, by Petronius",Latim
Romênia,"Requiem for fools and beasts, by Augustin Buzura",Romeno
Romênia,"Nostalgia, by Mircea Cartarescu",Romeno
Romênia,"The Forest of the Hanged, by Liviu Rebreanu",Romeno
Rússia,"Red Cavalry, by Isaac Babel",Russo
Rússia,"Petersburg, by Andrei Bely",Russo
Rússia,"The Master and Margarita, by Mikhail Bulgakov",Russo
Rússia,"The White Guard, by Mikhail Bulgakov",Russo
Rússia,"Brothers Karamazov, by Fyodor Dostoevsky",Russo
Rússia,"Crime and Punishment, by Fyodor Dostoevsky",Russo
Rússia,"Demons, by Fyodor Dostoevsky",Russo
Rússia,"The Idiot, by Fyodor Dostoevsky",Russo
Rússia,"Dead Souls, by Nikolai Gogol",Russo
Rússia,"Oblomov, by Ivan Goncharov",Russo
Rússia,"My Childhood, by Maxim Gorky",Russo
Rússia,"The Mother, by Maxim Gorky",Russo
Rússia,"Life and Fate, by Vassily Grossman",Russo
Rússia,"Autobiography of a Corpse, by Sigizmund Krzhizhanovsky",Russo
Rússia,"A Hero of Our Time, by Mikhail Lermontov",Russo
Rússia,"Doctor Zhivago, by Boris Pasternak",Russo
Rússia,"The Sacred Book of the Werewolf, by Victor Pelevin",Russo
Rússia,"The Foundation Pit, by Andrey Platonov",Russo
Rússia,"And Quiet Flows the Don, by Mikhail Sholokhov",Russo
Rússia,"The Little Demon, by Fyodor Sologub",Russo
Rússia,"A Day in the Life of Ivan Denisovich, by Alexander Solzhenitsyn",Russo
Rússia,"Cancer Ward, by Alexander Solzhenitsyn",Russo
Rússia,"Slynx, by Tatyana Tolstaya",Russo
Rússia,"War and Peace, by Leo Tolstoy",Russo
Rússia,"The Cossacks and Other Stories, by Leo Tolstoy",Russo
Rússia,"Anna Karenina, by Leo Tolstoy",Russo
Rússia,"Fathers and Sons, by Ivan Turgenev",Russo
Rússia,"Medea and Her Children, by Lyudmila Ulitskaya",Russo
Rússia,"We, by Zamyatin",Russo
Senegal,"Une si longue lettre, by Mariama Bâ",Francês
Senegal,"Murambi: The Book of Bones, by Boubacar Boris Diop",Francês
Senegal,"Ambiguous Adventure, by Cheikh Hamidou Kane",Francês
Senegal,"God's Bits of Wood, by Ousmane Sembène",Francês
Sérvia,"A Tomb for Boris Davidovich, by Danilo Kiš",Servo-croata
Sérvia,"The Encyclopedia of the Dead, by Danilo Kiš",Servo-croata
Sérvia,"Dictionary of the Khazars, by Milorad Pavić",Servo-croata
Sérvia,"The Time of Miracles, by Borislav Pekić",Servo-croata
Sérvia,"Death and the Dervish, by Meša Selimović",Servo-croata
Sierra Leone,"A Long Way Gone: Memoirs of a Boy Soldier, by Ishmael Beah",Inglês
Somália,"From a Crooked Rib, by Nuruddin Farah",Árabe
Sudão,"Season of Migration to the North, by Tayeb Salih",Árabe
Sudão,"The Wedding of Zein and other Stories, by Tayeb Salih",Árabe
Suécia,"The Long Ships, by Frans G Bengtsson",Sueco
Suécia,"A Moth to a Flame (A Burnt Child), by Stig Dagerman",Sueco
Suécia,"Barabbas, by Pär Lagerkvist",Sueco
Suécia,"The Dwarf, by Pär Lagerkvist",Sueco
Suécia,"Gösta Berling’s Saga, by Selma Lagerlöf",Sueco
Suécia,"The Emigrants, by Vilhelm Moberg",Sueco
Suécia,"Doctor Glas, by Hjalmar Söderberg",Sueco
Suécia,"The Red Room, by August Strindberg",Sueco
Suíça,"Her Lover, by Albert Cohen",Francês
Suíça,"Homo Faber, by Max Frisch",Alemão
Suíça,"I'm Not Stiller, by Max Frisch",Alemão
Suíça,"A Village Romeo and Juliet, by Gottfried Keller",Alemão
Suíça,"Jakob von Gunten, by Robert Walser",Alemão
Suíça,"The Tanners, by Robert Walser",Alemão
Taiwan,"Notes of a Crocodile, by Qiu Miaojin",Mandarin
Tanzânia,"Paradise, by Abdulrazak Gurnah",Inglês
Tchequia,"War with the Newts, by Karel Capek",Tcheco
Tchequia,"Money from Hitler, by Radka Denemarková",Tcheco
Tchequia,"The Good Soldier Švejk, by Jaroslav Hašek",Tcheco
Tchequia,"Closely Watched Trains, by Bohumil Hrabal",Tcheco
Tchequia,"Too Loud a Solitude, by Bohumil Hrabal",Tcheco
Tchequia,"The Castle, by Franz Kafka",Alemão
Tchequia,"The Process, by Franz Kafka",Alemão
Tchequia,"Love and Garbage, by Ivan Klima",Tcheco
Tchequia,"The Unbearable Lightness of Being, by Milan Kundera",Tcheco
Tchequia,"Lovely Green Eyes, by Arnošt Lustig",Tcheco
Tchequia,"Engineer of Human Souls, by Josef Škvorecký",Tcheco
Tchequia,"The Cowards, by Josef Škvorecký",Tcheco
Tchequia,"Summer of Caprice, by Vladislav Vančura",Tcheco
Trinidad,"A Bend in the River, by V S Naipaul",Inglês
Trinidad,"A Hose for Mr Biswas, by V S Naipaul",Inglês
Trinidad,"The Lonely Londoners, by Samuel Selvon",Inglês
Turquia,"Madonna in a Fur Coat, by Sabahattin Ali",Turco
Turquia,"The Book of Dede Korkut, by Anonymous",Turco
Turquia,"The Disconnected, by Oguz Atay",Turco
Turquia,"Motherland Hotel, by Yusuf Atilgan",Turco
Turquia,"The Alexiad, by Anna Comenna",Turco
Turquia,"Memed, My Hawk, by Yaşar Kemal",Turco
Turquia,"My Name is Red, by Orhan Pamuk",Turco
Turquia,"Snow, by Orhan Pamuk",Turco
Turquia,"Dawn, by Svgi Soysal",Turco
Turquia,"A Mind at Peace, by Ahmet Hamdi Tanpinar",Turco
Turquia,"The Time Regulation Institute, by Ahmet Hamdi Tanpinar",Turco
Turquia,"Dear Shameless Death, by Latife Tekin",Turco
Turquia,"Shadowless, by Hasan Ali Toptas",Turco
Ucrânia,"Death and the Penguin, by Andrei Kurkov",Russo
Uganda,"Abyssinian Chronicles, by Moses Isegawa",Inglês
Uruguai,"The Truce, by Mario Benedetti",Espanhol
Uruguai,"Volavérunt, by Atonio Larreta",Espanhol
Uruguai,"La Vida Breve, by Juan Carlos Onetti",Espanhol
Uruguai,"The Shipyard, by Juan Carlos Onetti",Espanhol
Uzbequistão,"The Railway, by Hamid Ismailov",Russo
Venezuela,"Doña Barbara, by Romulo Gallegos",Espanhol
Venezuela,"Casas Muertas, by Miguel Otero Silva",Espanhol
Vietnam,"The Song of Kieu, by Nguyen Du",Vietnamês
Vietnam,"Novel without a Name, by Duong Thu Huong",Vietnamês
Vietnam,"The Sorrow of War, by Bao Ninh",Vietnamês
Zimbábue,"Nervous Conditions, by Tsitsi Dangarembga",Inglês
Zimbábue,"The House of Hunger, by Dambudzo Marechera",Inglês